soft,,0.2*RIGID,,0.4*RIGID,,0.6*RIGID,,0.8*RIGID,,1*RIGID,
0,0,0,0,0,0.00466231,0,0,0,0.011258,0,0
0.469109,0.19413,2.72636,0.016963,2.0139,0.0249519,3.24329,3.8495,0.443717,6.41903,3.52961,3.83632
0.33569,0.196154,5.06659,0.0331662,1.33545,0.0203105,4.41382,5.02125,2.96553,8.8218,1.03047,4.36432
1.24324,0.259256,2.89284,0.109969,0.549357,0.141094,4.54534,4.71341,0.534478,9.0313,0.66686,4.32
0.61602,0.23952,1.85233,0.103244,0.24041,0.315438,3.36844,4.83908,0.796532,9.62457,3.43614,5.1325
1.60689,0.633353,1.04086,0.732993,-1.41021,0.175777,4.7366,6.32339,0.551351,11.8111,2.74622,6.06782
2.25061,0.985419,3.23349,2.53879,1.11057,0.111518,3.65732,6.20072,3.20021,13.1227,1.64767,7.04644
1.33029,0.575992,2.34593,2.48496,1.61919,0.188556,2.1309,2.24223,0.842526,8.34224,6.80479,7.18522
1.94947,0.664679,2.93041,2.07658,6.66711,10.6035,1.99319,2.87846,1.61119,13.8034,2.25003,7.96547
0.81886,1.09643,4.43798,1.60698,4.22566,0.279546,2.45211,3.35011,1.87982,13.0907,2.23979,8.59043
2.74217,1.24131,0.30112,3.33131,3.07555,0.26306,5.20304,8.34817,1.43567,14.3939,3.42369,8.82482
3.14944,1.21252,2.54095,3.74075,1.70972,4.07987,6.42235,4.5567,1.10097,12.1173,3.83384,8.99844
2.19751,1.35073,3.30724,4.17462,0.595797,1.02915,8.155019,9.60536,1.79332,16.7776,0.36712,5.39742
3.43338,1.69234,4.06337,3.45935,2.75432,5.40916,4.30556,9.08704,2.87753,13.2937,6.57385,6.1353
3.40238,1.47411,5.393217,3.3331,1.31122,2.41161,6.03647,6.35903,3.0328,13.9546,5.10596,6.84615
5.03555,2.08827,2.9301,4.03457,0.318218,2.84186,6.57024,6.87464,2.18073,17.6071,4.80007,7.48315
3.84701,2.11844,5.525289,4.02464,6.98667,14.5507,6.40975,7.35386,3.54383,18.2679,4.9166,8.19506
2.78513,1.99774,0.8854,4.38909,2.90501,7.29518,7.44358,11.5973,3.93171,16.4585,4.9939,8.98963
4.24447,2.20895,3.25186,2.15019,2.18243,4.2286,8.207692,11.5585,4.86161,17.0649,3.60719,13.0266
3.21647,2.35076,3.83145,5.49548,1.10541,10.5059,4.32602,9.15458,3.28014,20.2521,5.75579,10.2803
1.6907,2.27242,5.24809,2.81785,2.50423,5.19799,5.84847,14.0748,2.13102,18.27,7.50941,14.2193
4.61015,2.7688,3.86068,3.06747,3.35887,5.63947,7.983893,10.1705,3.81305,22.2598,7.2838,17.8497
3.15427,2.68177,6.072748,3.33694,1.61459,6.07422,6.56978,10.7575,1.86235,21.8577,5.05181,12.3435
4.45999,2.84939,6.620657,5.97914,2.74202,9.31393,7.62985,11.3443,3.95045,20.1401,5.0085,12.9753
3.2212,3.04704,6.820915,6.47154,3.23125,7.07305,6.25666,14.2665,3.93076,20.7861,5.76938,16.3933
6.4784,2.92291,6.780675,4.29492,3.35002,7.47902,9.264276,12.5194,4.76131,25.0171,5.77609,16.7801
4.82206,3.4698,4.91138,4.58567,3.34689,7.93814,6.02374,13.1266,4.41834,21.9949,8.571999,17.5066
5.10023,3.40559,7.037526,7.12594,4.58507,8.43273,8.581167,19.2421,3.23041,22.5701,6.20223,15.7158
6.01282,4.10608,4.71395,5.14675,0.627416,8.90551,8.197767,17.3083,4.92774,23.0934,5.40813,16.3686
5.53953,4.34058,5.99416,7.43596,4.26735,12.2438,8.315496,16.5763,5.72081,23.8206,4.95439,17.1698
7.03934,4.5433,6.846697,8.04796,2.81589,12.4839,8.713451,17.9749,6.29832,24.4255,5.80259,21.2702
4.55875,2.53581,6.774762,6.09025,3.52127,13.3377,8.531518,19.1218,4.56563,25.0251,5.48674,18.463
6.01108,4.94217,6.914449,6.43874,5.97527,16.4423,10.38098,16.2331,6.04247,26.8903,9.01303,19.1217
5.59802,2.83828,8.08197,6.70444,4.40173,13.7694,9.033234,16.837,3.99043,26.2667,8.073621,19.8042
5.80612,4.45752,7.75982,9.02597,2.59827,11.6231,9.090239,17.3825,5.95208,29.3197,7.34228,23.5008
7.84083,4.40383,7.90932,9.24153,3.27692,14.2363,7.87989,19.5244,4.5331,27.4091,8.124344,24.4726
6.54674,4.65317,6.111302,7.52692,3.74105,15.0439,9.504374,18.4662,5.4474,28.0355,9.150889,21.7797
7.37625,5.16042,7.8161,7.80483,4.27503,12.9301,10.35088,18.9894,5.0101,29.6866,9.176058,22.5183
7.47296,4.33103,6.784446,10.4691,4.72366,15.641,11.75116,19.5298,5.16657,29.255,6.1715,23.1615
7.71681,5.39517,9.01507,8.40189,6.48702,13.791,11.32431,19.9878,7.09165,34.0273,9.801111,23.7578
8.23867,5.4176,7.37872,8.63628,7.45027,20.2292,11.05422,21.8506,7.64689,30.3529,8.792994,24.449
9.43158,6.21372,8.09818,8.93937,5.99118,14.7066,12.01814,21.194,6.67102,30.9587,9.824077,25.1949
7.18828,5.89564,8.98698,9.16832,5.21199,17.1898,10.1457,24.0908,6.32391,31.5597,9.329243,25.9111
8.04697,5.94128,10.26876,11.2555,6.31339,15.5637,10.593,25.4987,7.67491,34.6499,8.430012,26.4985
8.24382,6.17868,9.31359,9.75112,5.69261,15.9187,9.86682,22.6902,8.56454,32.8121,9.92812,27.1618
9.34345,4.92192,10.85892,10.0085,6.83375,16.2914,11.43862,23.3018,6.52658,35.5918,7.71613,27.8064
9.09961,5.11008,9.4832,11.7561,6.83674,16.7427,10.66654,23.7056,9.061,37.728,9.732708,28.4922
10.2193,6.26951,10.41276,10.5546,7.15599,20.5646,9.94073,26.1074,8.89017,36.5224,10.58118,30.9402
8.43746,7.53707,11.70876,12.6802,8.09149,17.5784,11.68715,25.9059,9.37253,36.6175,8.8769267,29.7949
9.41161,7.09598,8.35634,11.0779,9.04395,22.0048,11.88081,26.4357,9.34681,35.5997,11.61115,31.7431
8.78898,6.02186,8.21232,12.6006,7.15202,23.78,12.2031,25.7931,8.86538,36.173,9.97877,33.1078
10.2756,7.3284,12.44934,13.2661,7.61649,18.8527,14.27029,27.4288,9.26136,36.7341,9.839804,35.9318
10.5615,6.34797,8.69066,11.8696,7.48356,19.2772,13.16235,26.8314,8.45548,37.2911,8.9597393,32.4278
9.01408,8.47731,11.6713,12.0332,5.3564,19.7071,11.18494,27.27,8.00681,39.9735,10.17595,33.1027
10.275,8.48584,12.37774,12.3138,8.71042,22.0236,14.15254,29.0928,9.78035,38.463,11.20885,33.7934
10.798,8.13801,12.09037,12.61,7.97617,20.4902,14.04132,28.3379,9.55787,38.9699,12.73637,34.386
10.6259,7.90412,12.1942,14.4697,8.48418,20.8869,13.46812,31.1231,10.9162,39.5225,11.44247,37.738
9.54346,8.06779,12.39016,13.1105,10.0753,22.2975,13.9155,30.6694,9.39921,42.8145,10.46754,35.6897
11.5819,8.67183,13.85937,13.3255,9.26142,23.0665,14.17793,29.8121,11.4259,43.8399,12.62802,36.2811
11.14,8.16673,10.93965,13.5904,10.4769,22.1173,13.40302,30.316,9.96619,44.3218,12.30777,36.8954
10.6831,7.45837,13.85644,13.8129,9.75762,27.99,13.11832,32.1886,11.0102,44.669,13.64487,37.5614
9.51569,8.75573,13.58608,14.3073,10.2056,22.7815,13.80095,32.7733,10.9571,42.2666,12.75532,40.9629
13.0216,8.67453,13.53394,15.8365,9.78852,23.2212,15.97378,31.6982,11.0532,42.819,13.37353,38.8727
12.3352,7.84932,13.48894,14.5107,9.8388,23.6181,16.29239,32.2724,10.3406,43.4315,12.49199,39.5149
14.2637,8.9004,15.16134,14.767,10.0697,24.0142,16.11015,32.7496,11.7786,47.5313,14.40399,40.0395
13.0478,9.0416,14.06414,16.426,10.8285,25.1114,13.75215,34.9267,10.5134,44.4366,13.31566,40.8092
13.1694,9.54833,13.73078,16.0633,9.62134,24.7902,12.78249,35.336,11.2623,44.9464,14.26779,41.3819
13.1146,8.37602,14.28424,15.3978,9.77251,25.7874,14.29937,34.1549,11.2015,50.2174,11.68949,41.9951
13.0453,9.62844,19.5932,17.267,11.1564,25.5141,15.59578,34.5607,12.1119,46.0288,14.95904,42.588
14.0978,10.4629,12.85062,15.879,11.5748,26.6158,17.01285,35.0827,12.6034,50.0539,14.11363,43.3472
13.7375,8.739,14.86529,16.0525,10.9199,26.2338,16.55777,35.5659,11.3397,50.6159,13.01058,43.8196
12.2097,9.72527,16.09217,17.4865,12.1882,27.5276,16.33187,35.9455,12.0771,47.5703,13.68827,44.4619
11.6549,9.02855,16.8379,16.467,12.5812,26.9244,14.94761,36.4239,12.2992,48.072,14.20146,45.1345
13.5529,9.10093,16.7951,16.7246,11.5109,27.3302,15.61172,36.9835,12.2509,48.6223,15.74188,45.7741
13.2562,10.2817,17.0888,17.0049,12.4108,28.9614,17.21257,37.3707,11.2205,49.0743,15.1865,46.3842
13.0919,10.2149,13.62752,18.3418,12.4005,28.0726,16.55682,37.8166,12.4164,49.6588,15.18539,46.9614
12.3293,9.98151,17.6555,17.3353,10.9561,28.3604,17.88396,38.1729,13.0909,50.0662,14.14969,51.7808
11.6956,9.59423,17.6261,17.5392,13.4948,28.7799,18.40588,38.7463,13.9955,55.5167,15.09661,48.1683
14.3462,9.73041,16.6329,17.7755,12.5574,29.1179,17.53596,39.1231,13.9157,51.1116,16.26721,48.7901
13.0446,9.8539,17.427,20.766,13.5149,29.4646,17.51435,39.5985,14.896,51.652,16.4328,49.3158
15.834,10.68,15.58529,18.2015,10.4659,29.8578,19.171,42.0329,13.796,52.136,14.03478,49.9427
15.3099,10.8234,18.0793,18.4002,13.9631,30.1351,19.5077,40.4802,13.8131,55.4759,15.50679,50.5777
14.7985,10.1776,17.4295,18.5719,13.7864,31.4197,19.8401,40.9648,13.5561,58.0976,14.96914,53.7925
14.9694,10.3213,17.4778,19.9226,12.9235,30.7972,15.79021,43.5611,14.6468,53.5679,17.25365,51.7318
15.1417,10.3942,19.0657,21.5108,13.4591,31.1039,18.18675,41.7752,11.4609,54.0054,17.47494,52.3613
14.6984,10.5135,18.6012,20.615,13.7667,31.4639,20.2547,42.2342,14.5298,58.639,17.74579,52.8937
14.6311,10.6165,16.6559,19.3493,12.9171,31.8194,18.87518,45.1599,13.6646,54.995,16.71574,53.5069
16.9324,10.6966,16.7517,19.5207,12.6634,32.098,19.0763,43.0899,15.5055,57.652,15.95638,56.2498
14.681,11.5534,20.5355,21.3154,14.7147,32.4724,19.371,43.4086,14.4643,55.9345,17.88304,54.6251
16.3935,10.8898,19.1277,20.4256,15.7427,32.8316,19.4843,43.8643,14.0582,56.3967,17.41915,55.2164
16.4851,11.0288,19.7937,20.0932,15.9042,33.0723,19.792,44.2388,13.9113,56.8592,17.64169,55.6711
15.78,11.1067,18.9391,20.2869,14.4517,33.4327,21.216,44.6273,15.8917,62.4149,18.18428,58.9176
16.9118,11.2299,20.7645,20.3882,16.2298,33.6798,18.77641,45.0411,15.5335,57.6858,17.86664,56.9368
16.466,12.2505,18.5599,20.5873,16.1749,34.0282,20.2698,45.5001,15.9592,58.1716,17.22141,57.4353
16.8174,12.1128,20.8442,21.8549,15.9869,34.2996,21.4112,45.9321,14.1636,58.6948,17.8905,58.088
17.5646,12.1115,22.1181,21.4382,15.815,35.9399,20.0037,49.5004,16.0417,59.096,17.26913,58.5797
15.1653,11.6274,20.5784,21.1246,16.1132,34.9076,22.3353,46.6475,17.193,59.491,19.0199,59.211
18.6894,12.3931,19.4596,21.3066,15.5016,35.2061,22.6501,47.0833,15.9639,59.9991,20.2234,59.5958
17.8413,11.7207,22.728,21.8771,16.6256,37.1575,22.3701,50.2223,17.5963,60.3766,20.2581,60.2944
18.7762,11.9442,22.0664,21.6059,15.5016,35.8502,20.6228,50.9801,16.5569,60.8732,18.75603,60.679
19.33,11.9992,20.5698,22.5512,17.1607,37.5415,21.7407,48.2381,17.2016,61.3282,18.87167,61.3196
19.1418,12.6888,21.1514,22.0167,17.6939,36.4423,22.781,48.5928,16.1062,67.4989,20.2318,61.8156
17.9428,12.9855,21.7859,22.8597,18.1619,38.1002,22.1568,48.9537,16.9089,67.8227,18.79163,62.3763
19.4151,12.2792,21.7565,22.6215,18.5483,39.291,22.9101,49.2506,18.0606,62.524,19.2627,63.0061
20.1354,13.1476,22.5527,22.4153,17.7319,38.7955,24.1699,53.5914,20.7382,64.6736,19.9649,63.5189
19.0393,12.4509,21.332,22.576,18.8724,37.529,22.4439,50.1315,18.7029,62.4301,21.7348,63.9715
19.832,13.2206,24.4415,22.6812,18.3265,37.8429,22.3047,53.7671,17.6614,64.5539,19.102,64.5205
19.9658,13.3523,21.0567,23.5829,18.025,38.0622,23.3815,50.8071,21.2015,65.9387,19.6966,64.9509
19.8694,12.7882,24.1992,23.0986,18.4115,38.3764,24.1207,51.1766,19.4297,64.6626,25.1833,70.4924
20.4461,13.3531,24.3744,23.1355,19.1967,40.0406,21.1003,51.5154,19.6078,65.4333,21.1563,66.1797
20.1002,13.4598,24.4319,23.9402,19.8177,40.4182,22.7523,51.8429,18.6136,65.4595,22.3008,66.6248
20.6008,13.0733,25.2745,23.4939,18.9436,39.1045,24.1119,52.1949,21.6223,66.8986,20.3331,67.1656
24.4216,14.1031,24.615,23.6238,18.399,39.4492,22.4199,52.5487,19.5874,65.7292,20.9062,67.5491
20.9284,13.2071,21.3532,23.7344,21.4203,39.6931,23.9681,52.8745,18.4175,66.4899,23.2469,68.5066
22.5096,13.2889,23.5519,24.1808,18.8863,39.9232,23.8461,53.2649,20.7164,65.4095,20.4554,68.6124
21.2438,13.3366,26.1293,24.0339,19.2972,40.2115,25.633,53.5269,21.2891,67.5611,22.2065,77.3096
22.5297,13.7291,24.021,24.145,19.7765,40.4035,23.4774,57.3148,19.7213,70.0658,24.1351,69.0889
21.1672,13.4926,24.9872,24.2822,19.1397,40.6872,24.8714,56.0842,20.6088,66.4796,23.3776,74.5162
22.3688,13.542,25.8871,24.4509,21.8582,40.8922,25.4182,54.5554,20.7511,68.2465,23.8498,70.6065
23.1148,13.6141,24.9337,24.5428,20.6525,41.1067,26.6314,54.8286,22.6232,69.7437,22.5725,71.7974
23.0392,14.0659,23.854,24.6602,21.5322,41.3937,25.2018,59.2816,21.9026,69.1265,22.8089,70.4613
21.7358,14.2728,27.9397,25.2047,19.9301,41.6368,26.9667,55.4966,21.479,69.3541,22.8931,80.9819
23.0448,13.8176,26.3934,25.7495,19.7456,41.8399,28.0122,56.8803,21.4911,69.7226,23.7543,71.417
24.2524,13.8782,26.6392,25.2488,21.0543,42.0593,26.4736,57.0142,23.7923,71.0401,24.453,71.8961
22.2311,13.9536,26.3149,25.3955,21.4425,42.2771,26.4699,58.3405,22.0827,70.2804,23.1099,73.2097
23.3017,14.4081,27.2582,25.2284,21.5254,44.2914,28.5639,58.3394,23.7996,69.1503,24.7677,73.9072
23.1812,14.928,28.0564,25.9691,22.2357,42.6516,28.876,56.9655,24.8174,71.7362,23.8826,74.0356
24.788,14.6574,28.0997,25.5171,24.1173,44.4622,28.0992,58.6448,21.0397,71.1855,23.5178,74.6033
23.906,14.2173,26.4615,25.5545,23.7079,43.1411,27.9074,57.9044,25.7994,72.4887,25.5346,75.3408
25.2031,15.0452,29.6923,25.6814,23.9738,43.3488,28.1378,57.8209,23.2832,72.7386,24.1423,76.7005
23.1591,14.356,26.8068,26.1307,24.0146,43.6107,28.2576,59.2483,26.0234,72.9969,25.6922,75.7595
25.8179,14.3876,29.0619,25.9375,22.9124,43.799,28.8549,58.9379,24.8148,73.0894,23.679,76.3458
25.0258,14.4886,29.1392,26.1067,24.3177,43.9561,29.4355,59.3404,22.8638,72.667,25.6505,77.803
25.7607,14.7747,29.7156,26.4166,23.0274,44.2153,28.3501,63.397,21.6195,82.1639,27.5298,74.7027
27.5153,15.0418,29.374,26.2122,25.0929,44.3675,29.6173,59.1691,24.9007,74.0215,23.3237,75.6711
25.6113,15.1475,29.58,26.3078,26.0439,46.5969,29.4933,60.1413,23.3798,73.8929,27.7104,77.6851
26.5658,15.1881,28.5644,26.4096,24.0532,44.7843,28.477,59.7429,24.6205,73.6684,27.305,78.0987
26.0007,14.7391,30.5274,26.5086,25.1971,44.9359,30.2071,61.0137,25.6259,74.4812,26.0807,76.807
25.7381,14.8417,31.7808,26.558,24.1256,45.1702,30.8174,61.5709,23.785,74.2643,28.7682,76.7211
26.8667,15.7519,29.4549,26.6534,26.5958,45.2603,27.2451,60.3635,26.7206,74.7708,25.891,80.0795
26.6718,15.4658,31.4313,26.9456,22.2803,45.4526,27.2796,60.867,23.5172,74.8173,27.7576,79.6995
27.3201,14.9837,30.7781,28.2132,26.4463,45.6112,33.1446,61.8819,28.7287,74.0879,28.6371,80.6585
28.4882,15.4056,31.5456,26.9114,25.1388,46.258,31.1842,61.2599,25.9187,76.0299,28.9878,81.2609
28.0476,15.4381,29.3927,26.9796,25.5702,46.0173,31.7342,61.4828,27.2733,73.1393,28.5431,79.6581
27.563,15.5138,30.6882,27.36,27.3414,46.0959,33.0983,61.6887,25.5337,75.8373,29.8959,81.4748
28.4668,15.5373,33.0851,27.4468,27.0275,46.3555,33.1562,61.8148,27.4598,73.8444,28.0527,81.0753
31.0057,15.5453,31.6087,27.2129,27.0698,46.4699,32.6982,62.8063,27.1693,76.0334,28.9893,81.8608
26.6687,15.8212,32.7185,27.295,24.2424,50.2186,29.7342,62.3724,28.2106,74.8967,30.227,83.0103
28.866,15.3383,32.6713,27.6878,31.2329,47.6644,31.6681,62.4595,26.0186,76.647,31.302,83.0571
28.269,15.2942,32.6025,27.4016,27.3114,47.6594,34.0365,63.3232,29.0607,76.8893,29.3547,83.5316
29.5593,15.602,33.1731,27.7507,27.4192,47.0486,35.7004,63.5441,27.6745,77.1309,30.9233,80.6479
29.4502,15.8877,32.5636,28.3673,26.7686,47.2638,33.7597,62.1818,26.3922,77.4777,32.5347,84.2755
29.7668,15.7818,33.4786,28.6039,28.4818,47.4018,33.5429,63.6686,28.537,77.2168,29.1154,84.669
28.8188,15.8347,30.5688,29.0155,26.4014,48.1298,33.571,63.6305,28.958,77.8596,28.9869,85.3195
28.7547,15.5186,34.6431,27.7333,27.7991,47.6472,34.971,64.1381,27.4372,77.9473,31.9859,85.6241
30.5043,16.2645,36.0865,28.1127,28.5004,48.5383,34.21,64.0213,29.1345,78.9482,31.5844,84.4637
31.3089,15.9308,34.8653,27.9288,28.5838,50.3416,33.7804,64.3356,29.5528,77.2318,32.0504,84.5065
29.7617,16.1194,36.0692,29.2999,29.2239,50.5235,35.1139,62.9599,29.1249,78.5144,31.768,86.5925
28.7698,15.9283,35.3751,28.2526,28.6561,50.5689,34.9717,64.1611,29.4799,78.4108,31.5962,86.8817
29.7361,15.758,33.8829,28.0508,29.5854,48.3433,34.4304,64.3623,29.8199,78.0086,33.4069,82.2921
30.6354,15.9338,35.5877,29.484,30.4973,48.425,35.1016,64.5367,30.0535,80.069,29.9847,88.0817
30.6786,15.8281,35.6201,28.157,31.9684,49.1015,37.1267,64.9623,29.0313,76.802,31.7168,85.94
31.4921,15.8693,36.4991,28.2164,29.5328,49.5027,37.3892,64.7747,28.4213,78.8888,32.084,89.0876
32.3125,16.0252,35.24,28.2693,31.2731,48.6578,36.5768,65.2924,29.4863,80.5876,34.7536,84.5137
31.941,15.9645,35.2379,29.0981,31.06,48.9055,33.5833,65.6039,29.5137,79.7332,31.9812,83.8267
30.1416,16.145,36.4452,28.3723,29.9171,51.8326,35.5088,65.2426,29.3007,81.2898,31.9495,86.6844
31.1289,16.2964,36.1356,28.402,33.3534,50.9134,34.7403,65.7616,32.5267,79.9908,33.8246,88.2424
32.6943,16.0384,34.8938,28.4305,32.9422,51.7467,36.2133,65.9884,31.2393,78.0783,34.4919,87.936
32.2106,16.3462,37.2593,29.6397,32.856,49.2868,38.3437,64.3128,32.7953,80.4032,35.1744,88.5205
32.4043,16.1708,37.7248,28.5276,31.546,51.8539,36.3462,65.6782,31.3551,76.7824,33.2043,89.4272
31.7035,16.2825,37.13,28.5549,33.4774,49.7599,38.2352,66.1136,30.366,80.1445,34.8353,88.2338
32.4369,16.2375,38.4785,28.5672,32.2309,49.7929,37.8041,66.1465,35.2214,77.7738,34.2903,89.8358
31.8763,16.4845,36.7697,29.1535,33.2746,52.6181,37.2512,66.1358,33.3967,78.3331,36.8786,86.5063
32.549,16.1577,40.1116,28.6461,32.0358,52.7433,40.3022,65.9686,32.6526,80.7032,34.0946,92.0365
32.7727,16.1959,41.858,27.8046,37.4358,49.449,37.6642,64.5639,33.1491,80.2836,35.8328,90.2216
34.359,16.5098,36.9589,28.7363,31.7408,49.8582,38.315,64.9331,30.4881,80.7448,34.2628,89.4195
33.0884,16.2448,37.7663,28.7808,32.7477,51.5954,39.2152,66.5542,33.6518,81.0709,35.9888,88.1572
34.385,16.2234,35.7723,29.1979,32.9418,50.0324,40.5164,66.325,33.9038,76.0323,36.5115,90.707
33.6476,16.2604,39.826,28.8348,35.6955,53.2276,36.8969,67.7299,32.3641,81.1515,35.2085,93.4452
34.3361,16.4083,39.2268,30.0905,34.0846,50.2283,42.0193,66.6049,34.0644,83.5609,35.7898,91.0648
34.7884,16.5719,40.1424,28.9176,34.1852,51.1041,39.3672,66.0968,35.1468,77.9716,36.7381,91.1315
33.1545,16.3947,40.8419,28.9318,32.6915,50.3745,40.9971,66.9428,37.3716,81.127,36.6223,91.0605
34.18,16.4305,39.4566,28.9671,34.7126,50.4698,41.8501,67.1442,35.628,82.0085,37.0838,89.9608
36.0128,16.4469,38.9463,29.8001,38.2353,50.1646,42.1026,66.9517,32.2761,84.0711,36.6281,91.8538
35.8558,16.4147,42.9193,29.3714,34.5795,51.0801,39.9468,68.3952,35.0552,82.3526,36.8036,94.8962
34.4928,16.4595,41.8782,29.5103,35.7278,50.1959,41.0815,68.5911,33.9083,81.465,37.0776,88.1159
35.0148,16.7569,38.9051,29.0734,34.6635,50.7049,42.0521,64.7114,34.2786,84.3963,34.4041,94.8239
34.7449,16.5166,39.9303,29.1386,37.5658,50.2007,40.7223,67.1,36.0108,82.6339,40.394,91.5151
33.49,16.4787,40.8718,29.5909,36.2016,54.3352,42.5327,67.3531,35.6396,84.3538,39.4927,90.1335
35.8188,16.5514,41.0565,29.1566,37.7481,50.4605,40.6488,65.9725,37.3227,77.339,37.707,92.1466
36.798,16.4997,42.5143,29.1596,35.6517,50.5904,39.9643,67.5473,35.8395,81.037,41.091,92.0398
36.8322,16.5245,43.221,29.8228,38.5575,50.1692,41.1602,69.1013,36.8554,77.4693,40.1913,91.8868
36.7505,16.5194,43.3799,29.7275,36.2736,51.0633,42.8595,69.3793,36.6081,81.9625,36.0464,96.4658
45.2,16.4941,43.1178,29.222,35.5722,51.1595,46.2141,67.0445,32.8337,100.273,37.79,93.1028
34.8008,16.4884,43.9647,29.2242,37.0216,49.9064,41.1325,69.3736,36.6407,78.4985,38.1693,94.5986
35.2476,16.5404,44.8719,29.8856,39.5772,50.2571,42.9429,67.9671,37.1005,82.2763,37.4196,96.1021
37.7482,16.6557,43.5932,29.6681,39.5158,49.8391,41.7265,69.4732,37.1805,85.1216,39.4349,97.0797
36.9798,16.6871,44.1517,29.2864,36.3681,51.3955,42.1416,69.5715,36.258,82.001,40.6978,91.0483
38.2744,16.5745,42.6646,29.2883,38.8852,50.7532,43.2172,67.8227,37.17,85.4707,40.6115,95.7639
37.7725,16.5426,43.5309,30.2927,36.5885,51.4376,43.9221,67.7529,36.7693,85.4028,37.8322,97.7963
42.7419,15.3364,45.825,29.3101,37.9356,51.395,41.4894,69.9514,38.2025,85.4427,39.8332,97.4879
38.5233,16.5848,44.5665,29.7176,38.7046,51.1471,42.9157,68.3104,37.8772,84.2954,40.5941,97.6939
45.8093,15.8352,45.1212,29.3303,42.2004,50.2361,45.551,67.5167,38.6733,85.6852,41.4003,93.0618
39.5791,16.5633,44.922,29.3128,38.1433,51.5702,45.1484,69.8723,38.0055,85.6815,41.8148,91.9141
40.4182,16.7765,45.4759,29.3267,39.1202,51.6086,45.3562,65.1077,36.1655,85.7393,41.4651,96.8081
41.5017,16.557,48.3054,29.6998,38.3594,51.6066,45.0799,68.5972,37.2559,85.7848,42.9042,94.0334
39.7272,16.5516,46.6089,29.9938,40.3056,50.8779,47.4205,68.2168,39.9726,85.8658,40.4613,98.453
38.6765,16.8119,44.6145,29.3751,39.6783,55.0892,44.2533,70.1436,38.5012,85.8208,40.1625,98.5239
40.6136,16.5546,45.7995,29.341,42.8525,50.1756,45.7305,70.1807,40.3832,79.9884,41.2224,98.6285
41.7304,16.6838,45.8025,29.3526,39.8347,50.1678,45.6112,70.1028,41.3554,81.3063,42.1147,98.0143
39.8962,16.5749,46.6465,29.4355,39.5545,51.6784,45.3803,68.299,39.4889,82.1126,43.9843,95.9273
,,47.7858,29.3472,42.2912,51.745,46.634,70.3085,38.9123,86.0122,40.7895,98.8574
,,47.5619,29.3534,42.9066,50.81,47.3639,70.3349,38.4279,83.6615,43.9559,98.4564
,,48.2115,29.348,42.556,55.2653,44.4573,70.3076,39.0053,86.1923,41.4268,98.0855
,,48.394,29.3475,40.3963,51.8512,47.491,70.2545,40.013,86.1878,42.147,99.4711
,,49.5458,29.3446,42.1681,51.7856,47.1216,68.232,42.6119,86.0251,44.4296,98.1637
,,47.845,29.3366,43.3916,51.8111,47.4006,68.1796,39.7228,86.2565,44.3885,99.5663
,,46.5713,29.3372,41.9538,50.2569,48.6016,70.366,39.5785,81.7738,45.3767,96.6043
,,48.7115,29.3095,44.158,50.7732,50.0187,71.1644,41.1671,86.1934,42.4891,99.6063
,,49.7049,29.308,44.1316,50.7804,47.7696,67.6224,42.574,86.2208,44.2486,99.9213
,,50.7439,30.0997,42.6444,51.815,49.4762,70.3545,44.0418,86.2585,47.0986,93.1796
,,50.2789,29.303,42.1804,52.0055,47.9281,70.4121,42.1724,86.1216,45.14,95.3788
,,51.3832,29.4117,44.6236,50.0278,47.663,70.4332,41.3,86.3714,45.2681,99.9335
,,49.2943,29.3086,41.908,51.7789,47.9257,70.4164,41.8766,86.3639,45.1515,97.6868
,,49.6983,29.2978,44.3891,51.7779,48.0341,70.148,43.8856,86.298,46.1091,96.0629
,,49.7277,29.3089,45.2665,50.0371,49.3894,68.1069,44.779,86.2312,44.1881,99.8189
,,52.3671,28.6193,45.1647,51.8453,50.3797,70.4167,42.5654,86.3006,47.8044,94.2103
,,49.7944,29.2865,45.9086,50.6704,51.0518,70.4436,43.6929,86.3036,46.7091,94.4848
,,50.6593,29.2683,45.5519,50.7566,50.9789,70.4364,47.2432,81.5347,49.1914,98.0312
,,49.8557,28.8988,45.1761,54.9815,49.2559,70.8848,45.0611,85.4405,45.3379,99.969
,,50.973,29.3407,42.9403,49.4259,48.4517,70.4295,43.6931,86.1812,49.3498,96.7227
,,51.1314,29.2416,47.0627,49.964,52.0395,67.7825,42.7382,86.0406,48.5349,99.5772
,,52.4561,28.3037,45.4591,51.8145,51.1292,70.5017,,,47.1102,96.2726
,,51.9733,29.164,46.3181,50.6114,51.3507,70.4643,,,46.8414,97.0208
,,55.1794,29.1814,45.2788,51.765,53.0332,70.6127,,,47.0032,100.42
,,52.1424,29.1826,46.164,50.752,52.4895,70.3602,,,48.5254,99.1411
,,54.7242,29.1827,45.4559,51.7662,50.6649,70.879,,,49.3824,99.5807
,,54.7079,29.1379,49.3112,49.2528,51.0583,70.3944,,,46.5359,98.4814
,,54.5775,29.3333,47.7234,51.7318,51.5615,70.4364,,,49.3855,96.7975
,,54.6544,29.2634,48.4946,49.0571,53.145,70.3972,,,48.4731,99.9785
,,52.8862,29.153,48.6158,51.6535,53.5137,64.9743,,,,
,,54.608,29.1457,47.4912,51.7053,51.063,70.3391,,,,
,,53.5562,29.1953,48.6194,49.576,,,,,,
,,55.1986,28.4684,48.0507,51.671,,,,,,
,,55.5498,28.9113,46.7569,51.6602,,,,,,
,,54.4379,29.1682,50.5279,48.6638,,,,,,
,,54.9841,29.1463,50.1094,54.9582,,,,,,
,,56.9192,28.9804,48.2956,50.3847,,,,,,
,,57.8568,28.2877,47.8631,51.7133,,,,,,
,,56.4017,28.6441,52.3034,48.7399,,,,,,
,,53.9999,29.229,,,,,,,,
